student_id,confidence_silent,confidence_explaining,rejections_due_to_communication,rejections_due_to_complexity,uses_hinglish,primary_pain_point
S1,2,5,2,3,Yes,"Freeze when asked to explain complexity out loud"
S2,3,4,1,2,Yes,"Code logic is fine but verbal explanation feels too slow"
S3,2,3,3,4,Yes,"LeetCode rewards silent typing more than think-aloud practice"
S4,4,6,0,2,Mostly,"Strong in code, weak in structured interview narration"
S5,1,3,4,5,Yes,"Dead air makes recruiters think I am confused"
S6,3,5,1,3,Mostly,"Need help translating Hinglish into professional English"
S7,2,4,2,4,Yes,"Cannot explain brute-force and optimal approach in one coherent pitch"
S8,5,6,0,1,Mostly,"Want better edge-case phrasing under pressure"
S9,2,3,3,5,Yes,"Silent coding practice does not prepare for whiteboard rounds"
S10,3,4,2,3,Yes,"Complexity talk often gets skipped or stated vaguely"
S11,2,5,2,4,Yes,"Anxiety spikes when the interviewer interrupts mid-solution"
S12,4,6,1,2,Mostly,"Need practice with curveball follow-up questions"
